{
  "elements": [
    {
      "element": {
        "element_type": "minecraft:legacy_single_pool_element",
        "location": "morevillages:village/beach/zombie/streets/corner_01",
        "processors": "minecraft:street_plains",
        "projection": "terrain_matching"
      },
      "weight": 2
    },
    {
      "element": {
        "element_type": "minecraft:legacy_single_pool_element",
        "location": "morevillages:village/beach/zombie/streets/corner_02",
        "processors": "minecraft:street_plains",
        "projection": "terrain_matching"
      },
      "weight": 2
    },
    {
      "element": {
        "element_type": "minecraft:legacy_single_pool_element",
        "location": "morevillages:village/beach/zombie/streets/corner_03",
        "processors": "minecraft:street_plains",
        "projection": "terrain_matching"
      },
      "weight": 2
    },
    {
      "element": {
        "element_type": "minecraft:legacy_single_pool_element",
        "location": "morevillages:village/beach/zombie/streets/straight_01",
        "processors": "minecraft:street_plains",
        "projection": "terrain_matching"
      },
      "weight": 4
    },
    {
      "element": {
        "element_type": "minecraft:legacy_single_pool_element",
        "location": "morevillages:village/beach/zombie/streets/straight_02",
        "processors": "minecraft:street_plains",
        "projection": "terrain_matching"
      },
      "weight": 4
    },
    {
      "element": {
        "element_type": "minecraft:legacy_single_pool_element",
        "location": "morevillages:village/beach/zombie/streets/straight_03",
        "processors": "minecraft:street_plains",
        "projection": "terrain_matching"
      },
      "weight": 7
    },
    {
      "element": {
        "element_type": "minecraft:legacy_single_pool_element",
        "location": "morevillages:village/beach/zombie/streets/straight_04",
        "processors": "minecraft:street_plains",
        "projection": "terrain_matching"
      },
      "weight": 7
    },
    {
      "element": {
        "element_type": "minecraft:legacy_single_pool_element",
        "location": "morevillages:village/beach/zombie/streets/straight_05",
        "processors": "minecraft:street_plains",
        "projection": "terrain_matching"
      },
      "weight": 3
    },
    {
      "element": {
        "element_type": "minecraft:legacy_single_pool_element",
        "location": "morevillages:village/beach/zombie/streets/straight_06",
        "processors": "minecraft:street_plains",
        "projection": "terrain_matching"
      },
      "weight": 4
    },
    {
      "element": {
        "element_type": "minecraft:legacy_single_pool_element",
        "location": "morevillages:village/beach/zombie/streets/crossroad_01",
        "processors": "minecraft:street_plains",
        "projection": "terrain_matching"
      },
      "weight": 2
    },
    {
      "element": {
        "element_type": "minecraft:legacy_single_pool_element",
        "location": "morevillages:village/beach/zombie/streets/crossroad_02",
        "processors": "minecraft:street_plains",
        "projection": "terrain_matching"
      },
      "weight": 1
    },
    {
      "element": {
        "element_type": "minecraft:legacy_single_pool_element",
        "location": "morevillages:village/beach/zombie/streets/crossroad_03",
        "processors": "minecraft:street_plains",
        "projection": "terrain_matching"
      },
      "weight": 2
    },
    {
      "element": {
        "element_type": "minecraft:legacy_single_pool_element",
        "location": "morevillages:village/beach/zombie/streets/crossroad_04",
        "processors": "minecraft:street_plains",
        "projection": "terrain_matching"
      },
      "weight": 2
    },
    {
      "element": {
        "element_type": "minecraft:legacy_single_pool_element",
        "location": "morevillages:village/beach/zombie/streets/crossroad_05",
        "processors": "minecraft:street_plains",
        "projection": "terrain_matching"
      },
      "weight": 2
    },
    {
      "element": {
        "element_type": "minecraft:legacy_single_pool_element",
        "location": "morevillages:village/beach/zombie/streets/crossroad_06",
        "processors": "minecraft:street_plains",
        "projection": "terrain_matching"
      },
      "weight": 2
    },
    {
      "element": {
        "element_type": "minecraft:legacy_single_pool_element",
        "location": "morevillages:village/beach/zombie/streets/turn_01",
        "processors": "minecraft:street_plains",
        "projection": "terrain_matching"
      },
      "weight": 3
    }
  ],
  "fallback": "morevillages:village/beach/terminators"
}