{
  "elements": [
    {
      "element": {
        "element_type": "minecraft:legacy_single_pool_element",
        "location": "morevillages:village/mangrove/town_centers/mangrove_fountain_01",
        "processors": "minecraft:mossify_20_percent",
        "projection": "rigid"
      },
      "weight": 50
    },
    {
      "element": {
        "element_type": "minecraft:legacy_single_pool_element",
        "location": "morevillages:village/mangrove/town_centers/mangrove_meeting_point_1",
        "processors": "minecraft:mossify_20_percent",
        "projection": "rigid"
      },
      "weight": 50
    },
    {
      "element": {
        "element_type": "minecraft:legacy_single_pool_element",
        "location": "morevillages:village/mangrove/town_centers/mangrove_meeting_point_2",
        "processors": {
          "processors": []
        },
        "projection": "rigid"
      },
      "weight": 50
    },
    {
      "element": {
        "element_type": "minecraft:legacy_single_pool_element",
        "location": "morevillages:village/mangrove/town_centers/mangrove_meeting_point_3",
        "processors": "minecraft:mossify_70_percent",
        "projection": "rigid"
      },
      "weight": 50
    },
    {
      "element": {
        "element_type": "minecraft:legacy_single_pool_element",
        "location": "morevillages:village/mangrove/zombie/town_centers/mangrove_fountain_01",
        "processors": "minecraft:zombie_plains",
        "projection": "rigid"
      },
      "weight": 1
    },
    {
      "element": {
        "element_type": "minecraft:legacy_single_pool_element",
        "location": "morevillages:village/mangrove/zombie/town_centers/mangrove_meeting_point_1",
        "processors": "minecraft:zombie_plains",
        "projection": "rigid"
      },
      "weight": 1
    },
    {
      "element": {
        "element_type": "minecraft:legacy_single_pool_element",
        "location": "morevillages:village/mangrove/zombie/town_centers/mangrove_meeting_point_2",
        "processors": "minecraft:zombie_plains",
        "projection": "rigid"
      },
      "weight": 1
    },
    {
      "element": {
        "element_type": "minecraft:legacy_single_pool_element",
        "location": "morevillages:village/mangrove/zombie/town_centers/mangrove_meeting_point_3",
        "processors": "minecraft:zombie_plains",
        "projection": "rigid"
      },
      "weight": 1
    }
  ],
  "fallback": "minecraft:empty"
}