{
  "elements": [
    {
      "element": {
        "element_type": "minecraft:legacy_single_pool_element",
        "location": "morevillages:village/mangrove/zombie/villagers/nitwit",
        "processors": {
          "processors": []
        },
        "projection": "rigid"
      },
      "weight": 1
    },
    {
      "element": {
        "element_type": "minecraft:legacy_single_pool_element",
        "location": "morevillages:village/mangrove/zombie/villagers/unemployed",
        "processors": {
          "processors": []
        },
        "projection": "rigid"
      },
      "weight": 10
    }
  ],
  "fallback": "minecraft:empty"
}