{
  "elements": [
    {
      "element": {
        "element_type": "minecraft:legacy_single_pool_element",
        "location": "morevillages:village/badlands/badlands_lamp_1",
        "processors": {
          "processors": []
        },
        "projection": "rigid"
      },
      "weight": 10
    },
    {
      "element": {
        "element_type": "minecraft:feature_pool_element",
        "feature": "minecraft:patch_cactus",
        "projection": "rigid"
      },
      "weight": 4
    },
    {
      "element": {
        "element_type": "minecraft:feature_pool_element",
        "feature": "minecraft:pile_hay",
        "projection": "rigid"
      },
      "weight": 4
    },
    {
      "element": {
        "element_type": "minecraft:empty_pool_element"
      },
      "weight": 10
    }
  ],
  "fallback": "minecraft:empty"
}